{"name":"42873c27-19d0-4754-b928-3ebd4d1c55b1","id":"/providers/Microsoft.Flow/flows/42873c27-19d0-4754-b928-3ebd4d1c55b1","type":"Microsoft.Flow/flows","properties":{"apiId":"/providers/Microsoft.PowerApps/apis/shared_logicflows","displayName":"Phone Refresh Submit","definition":{"metadata":{"workflowEntityId":null,"processAdvisorMetadata":null,"flowclientsuspensionreason":"None","flowclientsuspensiontime":null,"creator":{"id":"5a8dcb24-c635-4e86-b0de-98454a62c2fb","type":"User","tenantId":"88375d8b-97b9-4887-9119-016249d06340"},"provisioningMethod":"FromDefinition","failureAlertSubscription":true,"clientLastModifiedTime":"2022-05-16T21:23:29.1199737Z","flowclientsuspensionreasondetails":null},"$schema":"https://schema.management.azure.com/providers/Microsoft.Logic/schemas/2016-06-01/workflowdefinition.json#","contentVersion":"1.0.0.0","parameters":{"$connections":{"defaultValue":{},"type":"Object"},"$authentication":{"defaultValue":{},"type":"SecureObject"}},"triggers":{"manual":{"metadata":{"operationMetadataId":"ff6befb8-83e7-4b58-a1dd-53889bd25588"},"type":"Request","kind":"PowerApp","inputs":{"schema":{"type":"object","properties":{"ComposeName_Inputs":{"type":"any","description":"Inputs","x-ms-powerflows-param-ispartial":false},"ComposeDate_Inputs":{"type":"any","description":"Inputs","x-ms-powerflows-param-ispartial":false},"ComposeSignature_Inputs":{"type":"any","description":"Inputs","x-ms-powerflows-param-ispartial":false},"ComposeUPN_Inputs":{"type":"any","description":"Inputs","x-ms-powerflows-param-ispartial":false},"ComposePhone_Inputs":{"type":"any","description":"Inputs","x-ms-powerflows-param-ispartial":false}},"required":["ComposeName_Inputs","ComposeDate_Inputs","ComposeSignature_Inputs","ComposeUPN_Inputs","ComposePhone_Inputs"]}}}},"actions":{"Respond_to_a_PowerApp_or_flow":{"runAfter":{"Create_file_Temp":["Succeeded"]},"metadata":{"operationMetadataId":"81f51990-fefb-4663-833b-a1a95ce28972"},"type":"Response","kind":"PowerApp","inputs":{"statusCode":200,"body":{"flowcompleted":"@true"},"schema":{"type":"object","properties":{"flowcompleted":{"title":"FlowCompleted","x-ms-dynamically-added":true,"type":"boolean"}}}}},"Create_file_Temp":{"runAfter":{"Substitute_Template":["Succeeded"]},"metadata":{"operationMetadataId":"3b2ab263-9c16-4105-8d41-6da3722437c2"},"type":"OpenApiConnection","inputs":{"host":{"apiId":"/providers/Microsoft.PowerApps/apis/shared_sharepointonline","connectionName":"shared_sharepointonline","operationId":"CreateFile"},"parameters":{"dataset":"https://5kvz4w.sharepoint.com/sites/Automation","folderPath":"/Shared Documents/Mobile Phone Release/Temp","name":"[@{outputs('Compose_UPN')}]Mobile Phone Refresh Form - @{Replace(outputs('Compose_Name'), '.', ' ')} (@{Replace(outputs('Compose_Date'), '/', '.')}).html","body":"@outputs('Compose_File_Content_Phone')"},"authentication":{"value":"@json(decodeBase64(triggerOutputs().headers['X-MS-APIM-Tokens']))['$ConnectionKey']","type":"Raw"}},"runtimeConfiguration":{"contentTransfer":{"transferMode":"Chunked"}}},"Respond_to_a_PowerApp_or_flow_FAILED":{"runAfter":{"Respond_to_a_PowerApp_or_flow":["TimedOut","Skipped","Failed"]},"metadata":{"operationMetadataId":"a2cd361f-d31e-4d92-82ed-f92916021a43"},"type":"Response","kind":"PowerApp","inputs":{"statusCode":200,"body":{"flowcompleted":"@{false}"},"schema":{"type":"object","properties":{"flowcompleted":{"title":"FlowCompleted","x-ms-dynamically-added":true,"type":"boolean"}}}}},"Terminate":{"runAfter":{"Respond_to_a_PowerApp_or_flow_FAILED":["Succeeded"]},"metadata":{"operationMetadataId":"f8ae2f43-c68f-464b-a0dc-336a843d5e47"},"type":"Terminate","inputs":{"runStatus":"Failed"}},"Flow_Inputs":{"actions":{"Compose_UPN":{"runAfter":{},"metadata":{"operationMetadataId":"1c539af6-9e1b-489f-9983-92d461815a42"},"type":"Compose","inputs":"@triggerBody()['ComposeUPN_Inputs']"},"Compose_Name":{"runAfter":{"Compose_UPN":["Succeeded"]},"metadata":{"operationMetadataId":"2c37633b-7307-4a02-a8d4-a6eb5c2399ae"},"type":"Compose","inputs":"@triggerBody()['ComposeName_Inputs']"},"Compose_Date":{"runAfter":{"Compose_Name":["Succeeded"]},"metadata":{"operationMetadataId":"bcaeb0b0-6bf8-48ee-9be7-e2da3e9bd5a7"},"type":"Compose","inputs":"@triggerBody()['ComposeDate_Inputs']"},"Compose_Signature":{"runAfter":{"Compose_Date":["Succeeded"]},"metadata":{"operationMetadataId":"11bae5b4-9329-4902-8d22-a44156694f84"},"type":"Compose","inputs":"@triggerBody()['ComposeSignature_Inputs']"},"Compose_Phone":{"runAfter":{"Compose_Signature":["Succeeded"]},"metadata":{"operationMetadataId":"cea6f599-3fe1-40e5-b259-874099111837"},"type":"Compose","inputs":"@triggerBody()['ComposePhone_Inputs']"},"Get_Template_content_using_path":{"runAfter":{"Compose_Phone":["Succeeded"]},"metadata":{"operationMetadataId":"9b699760-4bfd-4b4f-ad2d-5f28bc987206"},"type":"OpenApiConnection","inputs":{"host":{"apiId":"/providers/Microsoft.PowerApps/apis/shared_sharepointonline","connectionName":"shared_sharepointonline","operationId":"GetFileContentByPath"},"parameters":{"dataset":"https://5kvz4w.sharepoint.com/sites/Automation","path":"/Shared Documents/Mobile Phone Release/Templates/Hardware Release Template - Mobile.html","inferContentType":true},"authentication":{"value":"@json(decodeBase64(triggerOutputs().headers['X-MS-APIM-Tokens']))['$ConnectionKey']","type":"Raw"}}}},"runAfter":{},"metadata":{"operationMetadataId":"aaf04c2c-9511-4dfe-bd50-5e0114f01694"},"type":"Scope"},"Substitute_Template":{"actions":{"Compose_File_Content_Name":{"runAfter":{},"metadata":{"operationMetadataId":"9c129fd6-feac-4d4f-8f23-4fa771f3dd37"},"type":"Compose","inputs":"@replace(outputs('Get_Template_content_using_path')?['body'], '%%%NAME%%%', Replace(outputs('Compose_Name'), '.', ' '))"},"Compose_File_Content_Date":{"runAfter":{"Compose_File_Content_Name":["Succeeded"]},"metadata":{"operationMetadataId":"63a92b65-4601-4482-981c-f5b494916868"},"type":"Compose","inputs":"@replace(outputs('Compose_File_Content_Name'),'%%%DATE%%%',outputs('Compose_Date'))"},"Compose_File_Content_Signature":{"runAfter":{"Compose_Signature_Image":["Succeeded"]},"metadata":{"operationMetadataId":"1697f388-fe7e-4ccf-9af0-311bcb587cb2"},"type":"Compose","inputs":"@replace(outputs('Compose_File_Content_Date'),'%%%SIGNATURE%%%',outputs('Compose_Signature_Image'))"},"Compose_File_Content_Phone":{"runAfter":{"Compose_File_Content_Signature":["Succeeded"]},"metadata":{"operationMetadataId":"ddce2051-a611-4ba3-a0a1-04753b623667"},"type":"Compose","inputs":"@replace(outputs('Compose_File_Content_Signature'),'%%%PHONE%%%',outputs('Compose_Phone'))"},"Compose_Signature_Image":{"runAfter":{"Compose_File_Content_Date":["Succeeded"]},"metadata":{"operationMetadataId":"e3806edf-f190-49e3-9c0b-dccfad9bb08a"},"type":"Compose","inputs":"@concat('<img src=\"data:image/jpeg;base64,',triggerBody()['ComposeSignature_Inputs'],'\" width=\"25%\"/>')"}},"runAfter":{"Flow_Inputs":["Succeeded"]},"metadata":{"operationMetadataId":"5f4ace5d-284e-420c-b5c7-6bc8e7cca437"},"type":"Scope"}}},"connectionReferences":{"shared_sharepointonline":{"connectionName":"ddfe7973971947bc8f8a818814d9cdbe","source":"Invoker","id":"/providers/Microsoft.PowerApps/apis/shared_sharepointonline","tier":"NotSpecified"}},"flowFailureAlertSubscribed":false,"isManaged":false}}