{"schemaVersion":"1.0","appDefinitionTemplate":{"id":"/providers/Microsoft.PowerApps/apps/","type":"Microsoft.PowerApps/apps","tags":{"primaryDeviceWidth":"1366","primaryDeviceHeight":"768","supportsPortrait":"true","supportsLandscape":"true","primaryFormFactor":"Tablet","publisherVersion":"3.22053.15","minimumRequiredApiVersion":"2.2.0","hasComponent":"false","hasUnlockedComponent":"false","isUnifiedRootApp":"false","sienaVersion":"20220531T132033Z-3.22053.15.0"},"properties":{"appVersion":"2022-05-31T13:20:33Z","lifeCycleId":"Published","createdByClientVersion":{"major":3,"minor":22053,"build":15,"revision":0,"majorRevision":0,"minorRevision":0},"minClientVersion":{"major":3,"minor":22053,"build":15,"revision":0,"majorRevision":0,"minorRevision":0},"backgroundColor":"rgba(55, 55, 55, 1)","backgroundImageUri":"/9652177039546763283/Nf2b9eb3e-6341-4a41-b56b-12b8bb34a3ff-logoSmallFile","displayName":"Phone Refresh Release","description":"","commitMessage":"","appUris":{"documentUri":{"value":"/9652177039546763283/N0ef6b21e-2256-49ec-98d0-2313b3f502bb-document.msapp"},"imageUris":[],"additionalUris":[]},"createdTime":"0001-01-01T00:00:00Z","lastModifiedTime":"0001-01-01T00:00:00Z","sharedGroupsCount":0,"sharedUsersCount":0,"icons":{"smallIconUri":"/9652177039546763283/N081d643f-8061-4919-aed9-7fe8ee25f2df-small.png","mediumIconUri":"/9652177039546763283/N55c93ea2-e349-4f32-8fdc-bb9dc6ab2331-medium.png","largeIconUri":"/9652177039546763283/N39c2becc-0287-4aeb-926f-42c3d8359ae9-large.png","wideIconUri":"/9652177039546763283/Nb7152910-656d-45d4-b81e-2fd792d111b8-wide.png"},"connectionReferences":{"f4d04684-a8c8-45d8-99a5-fc660d4dd888":{"id":"ee455751-e30c-492d-b3e3-b021b332c29c","displayName":"Office 365 Users","iconUri":"https://connectoricons-prod.azureedge.net/releases/v1.0.1573/1.0.1573.2770/office365users/icon.png","dataSources":["Office365Users"],"dependencies":[],"dependents":[],"parameterHints":{},"parameterHintsV2":{},"isOnPremiseConnection":false,"bypassConsent":false,"dataSets":{},"apiTier":"Standard","isCustomApiConnection":false,"actions":["MyProfileV2","SearchUserV2","UserPhotoV2","UserPhotoMetadata"]},"9d14dc3f-8ff7-465d-a17c-feafb88adade":{"id":"b12bdb22-18f5-4088-befe-2978e66192c1","displayName":"Office 365 Groups","iconUri":"https://connectoricons-prod.azureedge.net/releases/v1.0.1563/1.0.1563.2732/office365groups/icon.png","dataSources":["Office365Groups"],"dependencies":[],"dependents":[],"parameterHints":{},"parameterHintsV2":{},"isOnPremiseConnection":false,"bypassConsent":false,"dataSets":{},"apiTier":"Standard","isCustomApiConnection":false,"actions":["AddMemberToGroup"]},"d3f34bed-9043-45c8-b450-c45519e9250b":{"id":"b4459b36-e121-4153-bfff-09e5cc921b24","displayName":"Excel Online (Business)","iconUri":"https://connectoricons-prod.azureedge.net/releases/v1.0.1579/1.0.1579.2824/excelonlinebusiness/icon.png","dataSources":["MobileTrackerTable","UserReg"],"dependencies":[],"dependents":[],"parameterHints":{},"parameterHintsV2":{},"isOnPremiseConnection":false,"bypassConsent":false,"dataSets":{"groups%252F7bd126cd-7c3d-4f14-8405-8dfbd87d7a37,b%25219ffBMY6OKkqhrk1l5v3E07gocG79A45BhPh8vmaXcJv-kJnVyILYRot6-qIDtuAQ,01ROJMTADA42K4WNO5YBAKSISRXR67D5KZ":{"dataSources":{"MobileTrackerTable":{"tableName":"{CA71B070-04B9-4CE9-8804-F7EBCAE78250}"},"UserReg":{"tableName":"{0806770F-E587-4C6A-8DDF-F42873C46E34}"}}}},"apiTier":"Standard","isCustomApiConnection":false,"actions":["providers/PowerPlatform.Governance/Operations/Read","providers/PowerPlatform.Governance/Operations/Write"]},"93b88df4-0c86-45df-a0b1-95c1e46f8993":{"id":"3dc8d942-534f-4f62-ba06-efed8f72c8c2","displayName":"Logic flows","iconUri":"https://connectoricons-prod.azureedge.net/releases/v1.0.1534/1.0.1534.2605/logicflows/icon.png","dataSources":["PhoneRefreshSubmit"],"dependencies":["c4f492a9-d25f-4bf9-93af-588f74be57ee"],"dependents":[],"parameterHints":{"workflowName":{"value":"484858b7-1c82-4357-97e9-1792a2dd560d"},"workflowEntityId":{},"c4f492a9-d25f-4bf9-93af-588f74be57ee":{"value":"shared_sharepointonline"}},"parameterHintsV2":{"workflowName":{"value":"484858b7-1c82-4357-97e9-1792a2dd560d"},"workflowEntityId":{},"shared_sharepointonline":{"value":"c4f492a9-d25f-4bf9-93af-588f74be57ee"}},"isOnPremiseConnection":false,"bypassConsent":false,"dataSets":{},"apiTier":"Standard","isCustomApiConnection":false,"actions":["Run"],"nestedActions":[{"id":"/providers/Microsoft.PowerApps/apis/shared_sharepointonline/apiOperations/CreateFile","apiName":"SharePoint","actionName":"CreateFile","referencedResources":[{"key":"site","value":"https://5kvz4w.sharepoint.com/sites/Automation"}]},{"id":"/providers/Microsoft.PowerApps/apis/shared_sharepointonline/apiOperations/GetFileContentByPath","apiName":"SharePoint","actionName":"GetFileContentByPath","referencedResources":[{"key":"site","value":"https://5kvz4w.sharepoint.com/sites/Automation"}]}]},"c4f492a9-d25f-4bf9-93af-588f74be57ee":{"id":"dcd15d54-f21c-4c98-8e5e-7f9a8957c21e","displayName":"SharePoint","iconUri":"https://connectoricons-prod.azureedge.net/releases/v1.0.1568/1.0.1568.2757/sharepointonline/icon.png","dataSources":[],"dependencies":[],"dependents":["93b88df4-0c86-45df-a0b1-95c1e46f8993"],"parameterHints":{},"parameterHintsV2":{},"isOnPremiseConnection":false,"bypassConsent":false,"dataSets":{},"apiTier":"Standard","isCustomApiConnection":false}},"databaseReferences":{},"almMode":"Environment","performanceOptimizationEnabled":true,"canConsumeAppPass":true,"executionRestrictions":{"isTeamsOnly":false,"dataLossPreventionEvaluationResult":{"status":"Compliant","lastEvaluationDate":"2022-05-31T13:21:27.1323107Z","violations":[],"violationsByPolicy":[],"violationErrorMessage":"The app uses the following connectors: shared_office365users, shared_office365groups, shared_excelonlinebusiness, shared_logicflows, shared_sharepointonline."},"httpActionRestriction":{"appUsesSharepointHttpAction":false,"enforcementStrategy":"Legacy","evaluationTime":"2022-05-31T13:21:27.1323107Z"}}},"appType":"ClassicCanvasApp","appComponents":[]}}